VizWiz_train_000000001853.jpg	A brown and white cat sitting on a white blanket on the bed.	A grey and white cat is sitting on top of a white blanket, and human arm and elbow can be seen in the background.	a picture of a cat who looks like he's either half asleep or he's just not having it today	A white brown and black cat is on the white bed		an orange, white and gray cat sitting on a bed
VizWiz_train_000000012338.jpg	A black dog with a lease is standing on a patio.	A short haired dog with a small tail on a blue leash standing on a concrete path looking into a bright green bush surrounded by brown mulch and large rocks at the edge of the concrete path	I see green trees and a black dog	small black dog on a leash looking at a bush	Small black dog with a blue leash going on a walk
VizWiz_train_000000014868.jpg	A brown dog sleeping on a deck with a person standing behind the dog.	A dog lays on the wooden deck of a back porch at a house with a person standing further behind him.	A pair of legs covered by denim pants can be seen standing a few feet behind a brindle colored dog on a wooden back deck.	A shaggy dog laying down on a wooden porch	Picture of a patio with a dog laying down and someone's leg in the background.
VizWiz_train_000000001742.jpg	A brown dog laying down against the photographer	A person's right hand rests on a small light brown and white dog.	a reddish dog laying beside a person wearing blue pants	A small blonde dog on a man's lap getting petted	An elderly hand in a white sweatshirt petting a golden furred small dog whose head is on their blue sweatpants.
VizWiz_val_000000030282.jpg	A dog with a red collar and a dog food bowl.	a small fluffy dog outside on a patio	A small white dog with darker spots standing outside	A well groomed blonde dog with a red collar is on the doormat looking at their white bowl of dog food.	A white and brown dog is walking toward it's food.
VizWiz_train_000000002542.jpg	A black dog is poking his head from under a desk or table, and a person is holding its red collar.	A black dog is trying to get attention from under a desk.	An image showing a person hand caressing a black dog	Black dog under the table wanting to get petted	I see a black dog getting his face rubbed
VizWiz_train_000000014701.jpg	A brown dog getting up from its dog bed near a potted plant.	A dog laying on his rug in the corner of the room, surrounded by furnishings and plants.	A dog sitting on the floor and looking up.	Brown white and black dog scratching himself in the ear	Large brown and white dog sitting on the floor.
VizWiz_train_000000005614.jpg	A dog sitting in front of a door that has leashes hanging from the knob and a floor heater next to it.	A German Shepherd dog sitting in front of a closed door staring at the door, next to a plugged in portable heater.	A large dog waits for his walk by the door near a space heater and his leash.	A medium sized dog next to a space heater	German Shepherd Dog Sitting by the Door looking at a glowing space heater
VizWiz_train_000000015383.jpg	a dog that is viewing the person taking the photo in a living room	A dog walking into a living room with white carpet.	A light brown dog is walking through a door into a carpeted room with a blue chair and side table.	A light golden dog is stepping into a room near a sofa and cabinet unit.	A tan dog walking into a room with tan carpeting.
VizWiz_train_000000005039.jpg	A beige dog is curled into a little ball as five other dogs seem to watch from the background.	A golden colored dog sleeping with five dogs lined up in the background.	A Labrador retriever dog sleeping curled up in a ball with statue of dogs behind it.	A sleeping dog curled up on the floor next to a couch or chair, there are dog figurines behind him.	a yellow dog curled up on a floor with other dog statues behind him
VizWiz_train_000000002366.jpg	a brown color small dog standing on a black ground	A dog outside walking on some brick walkway.	A small dog with fluffy tail hair is walking on the patio outside her home near a food bowl.	A small white dog outside on the patio looking at his food tray.	Medium sized dog with blonde fur standing outside on a brick patio.
VizWiz_train_000000004421.jpg	A boxer looking brown dog sitting down and looking so innocently up and slightly away from the camera.	a brown boxer dog with a white patch on its chest and also between its eyes.	A brown dog is sitting near a counter.	A brown young dog sitting on the floor looking up.	A small brown dog with a collar sitting on the floor near a door.
VizWiz_val_000000030386.jpg	a big old white dog on a black and white blanket	A brown dog is laying down and looking back toward the camera.	A curled up dog on a rug looks at the camera.	A light colored dog is laid down on a black and white blanket.	A white dog is curled up and has its head turned around to look at the camera.
VizWiz_train_000000003055.jpg	A dog is sniffing right underneath a grill outside.	A silver metallic gas grill sitting on a porch with a dog in the bottom left corner	An outdoor grill behind a fan on a wood patio.	An outside grill on a deck next to a big dog.	DOG GETTING HIS BONE FROM UNDER A METAL BBQ GRILL
VizWiz_train_000000008481.jpg	A closeup of the back of a medication bottle and a dog lying on the floor in the background.	A large white bottle of pills with a lot of fine print.	A person's hand in the foreground holds a white plastic medicine bottle with a beige dog lying on the carpeted floor in the background next to a beige couch.	A white bottle is in front of a dog in a room.	the back of a pill bottle with a dog laying on the floor in the background
VizWiz_val_000000029532.jpg	a human hand holding a white puppy from the chin, wooden floor.	A little dog with a hand on it on the floor.	A small brown and black dog looking at the camera	A small dog is standing on a hardwood floor and being petted.	An adorable, short-haired small, cream and grey dog is posing.
VizWiz_train_000000008462.jpg	a black and brown color dog is sitting on a brown surface	A dark and light brown dog sitting on a wooden floor near a person.	A hand reaches out to pet an adult German Shepherd dog who is sitting on a hardwood floor.	A very cute German Shepherd mixed dog with a collar and tags.	Pictured is a German shepherd that is being petted.
VizWiz_train_000000010525.jpg	A black dog sits on the patio staring at it's owner.	A black dog with his tongue out in a backyard	A black haired dog sitting with its tongue out in a backyard	A black lab is sitting in front of you and waiting to be loved!	Black dog with it's tongue out, sitting in a backyard near plants and stonework.
VizWiz_train_000000013775.jpg	A light brown dog, laying down on the floor of a room, by a cage, while a person sits in a recliner with a laptop in their lap.	A medium sized blonde dog laying on a wooden floor.	A tan dog sleeping on a wooden floor by the feet of someone sitting on a recliner with a laptop.	dog is sleeping on the floor a man sit in the chair only him leg shown, backside one wooden drawer, dog cage is locked but a dog is sleeping outside cage	Yellow lab laying on floor in front of cage, bare legs propped up in a reclining chair.
VizWiz_train_000000006984.jpg	A bedroom with tan carpeting and dog toys a red ball and white bones.	A carpeted floor with 5 dog toys scattered around, which look to have been chewed on.	A collection of toys including bones and balls that a dog uses.	Dog toys strewn around a carpet in a living room.	things used to play by child, round one rotates and bone like
VizWiz_train_000000012350.jpg	a person is holding a black dog with belt on his neck	A sad black dog with short hair looking up at the camera.	A wonderful dog has his nose on your lap and you should boop his snoot.	black dog with an open eye leaning on someone's knee with a belt.	The face of a black Labrador is nuzzled against a greenish surface which also holds a collar.
VizWiz_train_000000001371.jpg	A close-up view of the white fur of a household pet.	A dog or stuffed animal and a hand underneath it	A white dog with a blue collar being pet by its owner	part of a hairy dog's back on a floral carpet	The back of a small white and brown dog with a blue collar.
VizWiz_train_000000000025.jpg	-There is a black curly haired dog -The dog has a silver chain collar -This picture shows the head and shoulders of the dog.	A fluffy grey poodle dog is wearing a shiny metal collar.	A gray dog looking forward with a silver collar.	close up of a grey poodle with a chain collar.	grey short haired dog from behind with choker leash
VizWiz_train_000000015755.jpg	A black t-shirt features white black text next to the character Brian from the television show "Family Guy" and references sarcasm as a service that he offers.	A shirt with a dog and slogan on it.	A t-shirt laid flat with a dog offering a free service of sarcasm	Black shirt with white dog pointing to description.	Black t-shirt with white writing regarding sarcasm and a graphic of the dog from Family Guy.
VizWiz_train_000000010977.jpg	A black Labrador retriever type dog sits on his haunches looking at the camera in a house.	A chocolate lab sitting on a floor next to a white carpet that has green, teal, white and red stripes	A dark black dog rests in a room near where the sun is shining.	A dog sits in a darkened room next to louvered doors.	A Large Black Dog looking at the camera next to a closet.
VizWiz_val_000000029773.jpg	A dog and his owner are enjoying the sunshine,	A dog laying on the ground next to plants.	a golden retriever on a leash laying down on concrete pavers next to his owner	a sandy colored medium to large size dog laying on the ground next to its owner on a sunny day	A yellow dog lies outside on concrete next to plants and a seated person
VizWiz_train_000000005291.jpg	A brown dog leaning on a person in a room full of stuff.	A close up picture of a dog's face.	a golden retriever is resting its head on a person's leg.	A tan dog greeting the person holding the camera taking a picture of his face.	The head of a dog and a desk with many things in the background
VizWiz_val_000000029123.jpg	A golden retriever dog is in front of a person on a couch.	A golden retriever standing in front of a green couch.	A tan dog near people seated on furniture.	a tan dog squinting its eyes, standing on tan carpet	Large yellow dog with floppy ears and a black nose squinting because of camera flash.
VizWiz_train_000000014552.jpg	a picture of a liver colored shih tzu laying on a rug	A small dog partially sitting on a carpet, partially on tile	a very old dusty dog that is looked grumpy	a white small dog on a leash laying on a carpet	Small furry white dog laying on a rug and tiled surface.
VizWiz_train_000000012066.jpg	a black color small dog is looking weird	A black curly cocker spaniel dog sitting on a tan and blue floor rug next to a orange chair.	A dog sitting on the carpet with a chair behind him.	A little black Cocker Spaniel is tied to a couch and is sitting down, looking at the camera.	Black dog sitting on top of patterned rugs.
VizWiz_train_000000005693.jpg	A black, white and brown collie standing in a living room with its mouth open and tongue hanging out like its smiling.	a dark and white colored dog on a chair	a dogs face from the side, with white fur by below its neck and black and brown fur above his neck	A side portrait of a dog in the living room.	The side view of a dog's head standing in a room.
VizWiz_val_000000028618.jpg	A dog laying down on a carpet next to a person's feet.	A large yellow lab is laying out on the carpet as the people around him chat.	a white dog lying on the black rug	A yellow dog lays at the feet on a woman with a black and white flower patterned dress in what appears to be a living room	House pet is sleep well in hall and this is shown on this image.
VizWiz_train_000000004638.jpg	A bed and blanket lay on a kitchen floor behind a large white dog that is facing forward, and attentive to the person who is taking his photograph.	a white dog sitting on a wooden floor	A white haired Labrador dog's face is sitting on a wood floor in the kitchen looking directly at the camera.	A white retriever is looking directly at you.	The face of a less than impressed, sitting, yellow Labrador retriever is inches away from the camera with
VizWiz_train_000000007331.jpg	A blonde colored dog on a carpet next to a gray couch with a black leather purse on it.	A Golden retriever laying on a earth-tone patterned carpet next to a grey sofa.	An image of a room with a couch and a dog laying on the floor.	Grey couch with a golden retriever laying in front of it	Living room where there is a couch that has a purse on it, next to the couch is a dog and you can see the legs and hands of someone on the right side of the picture.
VizWiz_val_000000028522.jpg	A bulldog laying on the floor, looking up at the camera.	A dog lying in a carpeted and lightly stained wooden floor.	A very cute and friendly looking bulldog, white and orange or tan in color, dog is laying on the floor looking up.	A white and brown dog is on a wooden floor.	A white bulldog with brown spots sits on a hardwood floor and rug looking up.
VizWiz_train_000000010720.jpg	a brown color dog is laying down on the floor	A cute dog is laying on the floor and she is ready for a walk.	a leashed adult yellow lab resting on the carpet	A light colored dog rests on the ground inside the lobby of a building.	A yellow lab is laying on the floor.
VizWiz_train_000000001903.jpg	a white dog standing and playing with a person	A brown dog with its paw in a person's lap.	A dog is happily playing with its owner and wants to sit on his lap.	a pet with body full of hair standing with two legs and two legs on the person's leg	A small tan puppy jumping up to his owner's lap.
VizWiz_train_000000004742.jpg	A big dog and white Labrador and 4 small dogs in the background.	A dog is lying down, other dogs are keeping an eye on him.	A tan dog rests on the floor next to a couch.	Five dogs, one close to the camera, four puppies near the wall.	Golden Labrador retriever laying on the ground in front of his toys
VizWiz_train_000000014597.jpg	a black dog lying on the floor and another brown dog	a black lab and a yellow lab, 2 dogs laying on gray carpet.	A black lab dog is laying on the floor with his head up facing the door and there is yellow lab in the room too.	A dog is lying on the floor in front of an open door.	Two dogs laying on carpet next to a door!
VizWiz_train_000000002987.jpg	A dog wearing a harness is sitting on the ground.	A sad-looking yellow lab, with a harness attached to a handle for its owner, is sitting on the sidewalk near a brick building, staring into the camera.	A white colored lab dog sits with it's leash on the sidewalk.	A yellow lab is sitting with a leather harness and leash looking at the camera.	One of the pet dogs is a cute white dog.
VizWiz_train_000000004121.jpg	A Labrador retriever laying dog looking off into the distance with dog statues behind him.	A picture of a beige dog with multiple dog statues in the background.	A yellow lab is laying on the floor.	here is a picture of a dog who is sitting down, the dog is brown and white and looks to be around 4 years old.	Yellow lab about 7 years of cage slightly curled up and laying on tan carpet
VizWiz_train_000000014567.jpg	A dog with tan fur is on the grass.	a pet is laying on the land which has grass	A pug lays on the grass with his back and front legs stretched out panting and looking at the camera.	A white pug with a black snout and brown eyes, laying outstretched on the grass.	it looks like pug dog is lying down in the garden with full of grass and looking upward.
VizWiz_train_000000007234.jpg	A hallway with two dogs standing there with a dryer behind them.	A laundry room with a larger brown boxer type dog to the left, a smaller black terrier dog to the right with a dryer behind them and a bag of dog food, they are standing on a green rug.	A tan dog and a black dog standing in a laundry room.	Two dogs are standing in the laundry room	Two dogs standing in a laundry room on a linoleum floor with the washer and dryer behind them.
VizWiz_train_000000011757.jpg	a dog is laying on an unmade messy bed	A gloomy dog lying over a bed with pillows and blanket with it.	A sad looking brown dog sits next to some messy blankets on the bed.	A small orange and white dog laying near the pillows on a bed.	So much bed and yet so little dog!
VizWiz_train_000000003168.jpg	A brown sofa with a white and black dog laying in front of it.	A large white dog is laying in front of a brown couch.	A living room with a brown leather couch and a white dog with black ears laying down on the carpet.	An image of a white dog laying on a tan carpet in a living room with a brown sofa in the background.	In front of a leather loveseat, a white dog with black ears is sleeping on the floor next to a cushion.
VizWiz_train_000000014482.jpg	A boxer dog hanging out in the yard on a sunny day.	A brown, white and black colored dog standing on the edge of grass	A pit bull dog standing on the dirt with a green grass lawn behind him.	Dog is black and white color and very angry to see in picture.	it looks like a brown and white mix dog in the park and posing to photo.
VizWiz_train_000000014701.jpg	A small dog with perky ears in front of a corner.	A small white dog, behind him there is some type of shelf unit	A white dog in a bedroom with a gate behind it that's green	A white dog that has really long hair in front of its face.	A white shaggy dog stands on a wooden floor in front of a door.
VizWiz_train_000000001058.jpg	A collie dog sleeping on a brown rug	A fluffy dog's head resting on some towels or blankets.	a hairy brown and white dog with large snout on top of a bed	A long haired dog looks to be relaxing close to the camera.	A small dog with brown and white fur that's relaxing
VizWiz_train_000000005800.jpg	A brown color dog holding some round pink color object in its mouth.	A dog playing on green grass with a red and black Frisbee.	A medium size brown and white fluffy dog is running across the green grass carrying a pink frisbee.	A small dog holding a piece of cloth.	Dog with brown fur plays in a garden
VizWiz_train_000000017254.jpg	A brown dog sits on the concrete outside	a dog is sitting and looking the wall	A light brown dog with a red collar laying down.	Brown dog lying down on pavement facing away from the viewer	Tan colored dog sitting on the sidewalk in the sun facing a wall.
VizWiz_train_000000013775.jpg	A light brown dog, laying down on the floor of a room, by a cage, while a person sits in a recliner with a laptop in their lap.	A medium sized blonde dog laying on a wooden floor.	A tan dog sleeping on a wooden floor by the feet of someone sitting on a recliner with a laptop.	dog is sleeping on the floor a man sit in the chair only him leg shown, backside one wooden drawer, dog cage is locked but a dog is sleeping outside cage	Yellow lab laying on floor in front of cage, bare legs propped up in a reclining chair.
VizWiz_train_000000010156.jpg	A cat is sitting on the carpet looking at the camera.	A number of object are present in the room such as a cat, a phone and a pair of shoes.	A picture of a sofa with a cat on the floor and a pair of shoes.	an orange striped cat next to a tablet device on a black couch	iPad sitting on a couch with an orange cat in the background looking up.
VizWiz_train_000000016795.jpg	A brown long-haired cat looking at a mostly empty food bowl	A fuzzy brown cat laying on a light colored tile floor	a large black and orange cat looking at a plate of food	A very fluffy cat sitting on the floor looking at its nearly empty food plate.	SATAN BLACK AND BROWN CAT EATING HIS FOOD
VizWiz_train_000000000101.jpg	A card with a crazy cat face on it with big eyes.	A cartoon picture of a cat with very exaggerated green eyes	A yellow book with a wacky cat with green eyes is sitting on top of a red and blue blanket.	An image of a cartoon cat with large green eyes.	some kind of crazy looking cartoon cat with huge bulging crossed eyes
VizWiz_train_000000003007.jpg	A close up of a face and part of a body of a grey cat looking at the camera.	A gray cat who is squinting his green eyes.	A grey short haired cat with green eyes.	I can see a grey colored cat closeup	Very handsome solid gray cat with peaceful look on its face
VizWiz_train_000000009204.jpg	A white cat is on the white carpeted floor	A white cat is sitting down and it has pink ears.	A White House cat with a sleepy expression on its face.	Cream colored cat with grey nose and cheeks.	image contain a pussy cat face staring at camera.
VizWiz_train_000000008410.jpg	A angry old cat is sitting on the carpet	A fluffy orange cat in a living room, there is a slipper next to the cat.	A golden calico cat is greeting the photographer and looks tired.	a medium long haired yellow cat beside a shoe and a table leg	A tan cat sitting next to a house slipper